year,STATE,DISTRICT,FEC_ID,FIRST_NAME,LAST_NAME,INCUMBENT_IND,PARTY
2022,AL,1,H0AL01055,Jerry,Carl,1,R
2022,AL,2,H8AL02171,Barry,Moore,1,R
2022,AL,2,H0AL02202,Phyllis,Harvey-Hall,0,D
2022,AL,3,H2AL03032,Mike,Rogers,1,R
2022,AL,3,H2AL03131,Lin,Veasey,0,D
2022,AL,4,H6AL04098,Robert,Aderholt,1,R
2022,AL,4,H8AL04086,Rick,Neighbors,0,D
2022,AL,5,H2AL05102,Dale,Strong,0,R
2022,AL,5,H2AL05177,Kathy,Warner-Stanton,0,D
2022,AL,6,H4AL06098,Gary,Palmer,1,R
2022,AL,7,H2AL07173,Beatrice,Nichols,0,R
2022,AL,7,H0AL07086,Terri,Sewell,1,D
2022,AK,1,H2AK01158,Mary,Peltola,1,D
2022,AK,1,H2AK00226,Sarah,Palin,0,R
2022,AZ,1,H4AZ06045,David,Schweikert,1,R
2022,AZ,1,H2AZ06221,Jevin,Hodge,0,D
2022,AZ,2,H2AZ01354,Eli,Crane,0,R
2022,AZ,2,H6AZ01199,Tom,O'Halleran,1,D
2022,AZ,3,H2AZ07187,Jeffrey,Zink,0,R
2022,AZ,3,H4AZ07043,Ruben,Gallego,1,D
2022,AZ,4,H2AZ09191,Kelly,Cooper,0,R
2022,AZ,4,H8AZ09040,Greg,Stanton,1,D
2022,AZ,5,H6AZ05083,Andy,Biggs,1,R
2022,AZ,5,H0AZ05185,Javier,Garcia Ramos,0,D
2022,AZ,6,H2AZ02360,Juan,Ciscomani,0,R
2022,AZ,6,H2AZ02311,Kirsten,Engel,0,D
2022,AZ,7,H2AZ03152,Luis,Pozzolo,0,R
2022,AZ,7,H2AZ07070,Raul,Grijalva,1,D
2022,AZ,8,H8AZ08158,Debbie,Lesko,1,R
2022,AZ,9,H0AZ01259,Paul,Gosar,1,R
2022,AR,1,H0AR01083,Rick,Crawford,1,R
2022,AR,1,H2AR01113,Monte,Hodges,0,D
2022,AR,2,H4AR02141,French,Hill,1,R
2022,AR,2,H2AR02095,Quintessa,Hathaway,0,D
2022,AR,3,H0AR03055,Steve,Womack,1,R
2022,AR,3,H2AR03283,Lauren,Mallett-Hays,0,D
2022,AR,4,H4AR04048,Bruce,Westerman,1,R
2022,AR,4,H2AR04158,John,White,0,D
2022,CA,1,H2CA02142,Doug,LaMalfa,1,R
2022,CA,1,H2CA01227,Max,Steiner,0,D
2022,CA,2,H2CA06259,Jared,Huffman,1,D
2022,CA,2,H2CA02209,Douglas,Brower,0,R
2022,CA,3,H2CA04122,Kermit,Jones,0,D
2022,CA,3,H2CA03157,Kevin,Kiley,0,R
2022,CA,4,H8CA01109,Mike,Thompson,1,D
2022,CA,4,H2CA04148,Matt,Brock,0,R
2022,CA,5,H8CA04152,Tom,McClintock,1,R
2022,CA,5,H2CA00096,Mike,Barkley,0,D
2022,CA,6,H0CA03078,Ami,Bera,1,D
2022,CA,6,H0CA03128,Tamika,Hamilton,0,R
2022,CA,7,H6CA05195,Doris,Matsui,1,D
2022,CA,7,H2CA07141,Max,Semenenko,0,R
2022,CA,8,H0CA10149,John,Garamendi,1,D
2022,CA,8,H2CA00153,Rudy,Recile,0,R
2022,CA,9,H8CA10126,Josh,Harder,1,D
2022,CA,9,H2CA09139,Tom,Patti,0,R
2022,CA,10,H0CA10073,Mark,DeSaulnier,1,D
2022,CA,11,H8CA05035,Nancy,Pelosi,1,D
2022,CA,11,H2CA12174,John,Dennis,0,R
2022,CA,12,H8CA09060,Barbara,Lee,1,D
2022,CA,12,H2CA12240,Stephen,Slauson,0,R
2022,CA,13,H2CA13115,Adam,Gray,0,D
2022,CA,13,H2CA13131,John,Duarte,0,R
2022,CA,14,H2CA15094,Eric,Swalwell,1,D
2022,CA,14,H0CA15247,Alison,Hayden,0,R
2022,CA,15,H2CA14170,David,Canepa,0,D
2022,CA,15,H2CA14162,Kevin,Mullin,0,D
2022,CA,16,H8CA12098,Anna,Eshoo,1,D
2022,CA,16,H0CA18068,Rishi,Kumar,0,D
2022,CA,17,H4CA12055,Ro,Khanna,1,D
2022,CA,17,H0CA17193,Ritesh,Tandon,0,R
2022,CA,18,H4CA16049,Zoe,Lofgren,1,D
2022,CA,18,H2CA18163,Peter,Hernandez,0,R
2022,CA,19,H6CA20152,Jimmy,Panetta,1,D
2022,CA,19,H0CA20122,Jeffrey,Gorman,0,R
2022,CA,20,H6CA22125,Kevin,McCarthy,1,R
2022,CA,20,H2CA23155,Marisa,Wood,0,D
2022,CA,21,H4CA20082,Jim,Costa,1,D
2022,CA,21,H2CA22215,Michael,Maher,0,R
2022,CA,22,H2CA20094,David,Valadao,1,R
2022,CA,22,H2CA21233,Rudy,Salas,0,D
2022,CA,23,H0CA08135,Jay,Obernolte,1,R
2022,CA,23,H2CA08214,Derek,Marshall,0,D
2022,CA,24,H6CA24303,Salud,Carbajal,1,D
2022,CA,24,H2CA24229,Brad,Allen,0,R
2022,CA,25,H2CA36439,Raul,Ruiz,1,D
2022,CA,25,H2CA01177,Brian,Hawkins,0,R
2022,CA,26,H2CA00120,Julia,Brownley,1,D
2022,CA,26,H2CA26133,Matt,Jacobs,0,R
2022,CA,27,H0CA22110,Mike,Garcia,1,R
2022,CA,27,H0CA25154,Christy,Smith,0,D
2022,CA,28,H0CA32101,Judy,Chu,1,D
2022,CA,28,H2CA28188,Wes,Hallman,0,R
2022,CA,29,H2CA28113,Tony,Cardenas,1,D
2022,CA,29,H8CA29100,Angelica,Maria Duenas,0,D
2022,CA,30,H0CA27085,Adam,Schiff,1,D
2022,CA,30,H0CA28174,Maebe,Girl,0,D
2022,CA,31,H8CA34068,Grace,Napolitano,1,D
2022,CA,31,H2CA28162,Daniel,Bocic Martinez,0,R
2022,CA,32,H6CA24113,Brad,Sherman,1,D
2022,CA,32,H2CA30283,Lucie,Lapointe Volotzky,0,R
2022,CA,33,H2CA31125,Peter,Aguilar,1,D
2022,CA,33,H2CA33253,John Mark,Porter,0,R
2022,CA,34,H0CA08226,Jimmy,Gomez,1,D
2022,CA,34,H2CA34079,David,Kim,0,D
2022,CA,35,H4CA35031,Norma,Torres,1,D
2022,CA,35,H0CA35146,Mike,Cargile,0,R
2022,CA,36,H4CA33119,Ted,Lieu,1,D
2022,CA,36,H0CA43108,Joe,Collins,0,R
2022,CA,37,H2CA37304,Sydney,Kamlager,0,D
2022,CA,37,H2CA37312,Jan,Perry,0,D
2022,CA,38,H2CA39078,Linda,Sanchez,1,D
2022,CA,38,H2CA39151,Eric,Ching,0,R
2022,CA,39,H2CA43245,Mark,Takano,1,D
2022,CA,39,H0CA25154,Aja,Smith,0,R
2022,CA,40,H2CA34079,Young,Kim,1,R
2022,CA,40,H2CA40092,Asif,Mahmood,0,D
2022,CA,41,H2CA37023,Ken,Calvert,1,R
2022,CA,41,H2CA42205,Will,Rollins,0,D
2022,CA,42,H0CA22110,Robert,Garcia,0,D
2022,CA,42,H8CA47078,John,Briscoe,0,R
2022,CA,43,H4CA23011,Maxine,Waters,1,D
2022,CA,43,H6CA44145,Omar,Navarro,0,R
2022,CA,44,H6CA44103,Nanette,Barragan,1,D
2022,CA,44,H0CA38140,Paul,Irving Jones,0,R
2022,CA,45,H0CA48198,Michelle,Steel,1,R
2022,CA,45,H2CA39136,Jay,Chen,0,D
2022,CA,46,H6CA46116,Lou,Correa,1,D
2022,CA,46,H0CA45160,Christopher,Gonzales,0,R
2022,CA,47,H8CA45130,Katie,Porter,1,D
2022,CA,47,H2CA47196,Scott,Baugh,0,R
2022,CA,48,H0CA48024,Darrell,Issa,1,R
2022,CA,48,H2CA50174,Stephen,Houlahan,0,D
2022,CA,49,H8CA49058,Mike,Levin,1,D
2022,CA,49,H8CA49108,Brian,Maryott,0,R
2022,CA,50,H2CA52089,Scott,Peters,1,D
2022,CA,50,H2CA50232,Corey,Gustafson,0,R
2022,CA,51,H2CA26133,Sara,Jacobs,1,D
2022,CA,51,H2CA51206,Stan,Caplan,0,R
2022,CA,52,H2CA50026,Juan,Vargas,1,D
2022,CA,52,H2CA52188,Tyler,Geffeney,0,R
2022,CO,1,H6CO01141,Diana,DeGette,1,D
2022,CO,1,H2CO01215,Jennifer,Qualteri,0,R
2022,CO,2,H8CO02160,Joe,Neguse,1,D
2022,CO,2,H2CO02205,Marshall,Dawson,0,R
2022,CO,3,H0CO03165,Lauren,Boebert,1,R
2022,CO,3,H2CO03351,Adam,Frisch,0,D
2022,CO,4,H4CO04090,Ken,Buck,1,R
2022,CO,4,H0CO04197,Isaac,McCorkle,0,D
2022,CO,5,H6CO05159,Doug,Lamborn,1,R
2022,CO,5,H2CO05141,David,Torres,0,D
2022,CO,6,H8CO06229,Jason,Crow,1,D
2022,CO,6,H2CO06214,Steve,Monahan,0,R
2022,CO,7,H8CO07045,Brittany,Pettersen,0,D
2022,CO,7,H2CO07170,Erik,Aadland,0,R
2022,CO,8,H2CO08020,Yadira,Caraveo,0,D
2022,CO,8,H2CO08079,Barbara,Kirkmeyer,0,R
2022,CT,1,H8CT01046,John,Larson,1,D
2022,CT,1,H2CT01213,Larry,Lazor,0,R
2022,CT,2,H2CT02112,Joe,Courtney,1,D
2022,CT,2,H2CT02161,Mike,France,0,R
2022,CT,3,H0CT03072,Rosa,DeLauro,1,D
2022,CT,3,H2CT03110,Lesley,DeNardis,0,R
2022,CT,4,H8CT04172,Jim,Himes,1,D
2022,CT,4,H2CT04134,Jayme,Stevenson,0,R
2022,CT,5,H8CT05245,Jahana,Hayes,1,D
2022,CT,5,H2CT05222,George,Logan,0,R
2022,DE,1,H6DE00206,Lisa,Blunt Rochester,1,D
2022,DE,1,H8DE01044,Lee,Murphy,0,R
2022,FL,1,H6FL01119,Matt,Gaetz,1,R
2022,FL,1,H2FL01233,Rebekah,Jones,0,D
2022,FL,2,H0FL02086,Alfred,Lawson,1,D
2022,FL,2,H6FL02208,Neal,Dunn,1,R
2022,FL,3,H0FL03175,Kat,Cammack,1,R
2022,FL,3,H2FL03163,Danielle,Hawk,0,D
2022,FL,4,H6FL05193,LaShonda,Holloway,0,D
2022,FL,4,H2FL04211,Aaron,Bean,0,R
2022,FL,5,H6FL04105,John,Rutherford,1,R
2022,FL,6,H8FL06148,Michael,Waltz,1,R
2022,FL,7,H2FL08139,Karen,Green,0,D
2022,FL,7,H6FL01143,Cory,Mills,0,R
2022,FL,8,H8FL15107,Bill,Posey,1,R
2022,FL,8,H2FL08105,Joanne,Terry,0,D
2022,FL,9,H6FL09179,Darren,Soto,1,D
2022,FL,9,H2FL09228,Scotty,Moore,0,R
2022,FL,10,H2FL10259,Maxwell,Alejandro Frost,0,D
2022,FL,10,H2FL10283,Calvin,Wimbish,0,R
2022,FL,11,H0FL08208,Daniel,Webster,1,R
2022,FL,11,H2FL11174,Shante,Munns,0,D
2022,FL,12,H6FL09070,Gus,Bilirakis,1,R
2022,FL,12,H6FL13197,Kimberly,Walker,0,D
2022,FL,13,H6FL13189,Eric,Lynn,0,D
2022,FL,13,H0FL13158,Anna,Paulina Luna,0,R
2022,FL,14,H6FL11126,Kathy,Castor,1,D
2022,FL,14,H2FL14277,James,Judge,0,R
2022,FL,15,H4FL15155,Alan,Cohn,0,D
2022,FL,15,H2FL15241,Laurel,Lee,0,R
2022,FL,16,H6FL13148,Vern,Buchanan,1,R
2022,FL,16,H2FL13139,Jan,Schneider,0,D
2022,FL,17,H8FL17053,Greg,Steube,1,R
2022,FL,17,H2FL17106,Andrea,Doria Kale,0,D
2022,FL,18,H0FL15104,Scott,Franklin,1,R
2022,FL,19,H2FL14186,Byron,Donalds,1,R
2022,FL,19,H0FL19106,Cindy,Banyai,0,D
2022,FL,20,H8FL20032,Sheila,Cherfilus-McCormick,1,D
2022,FL,20,H2FL25083,Drew-Montez,Clark,0,R
2022,FL,21,H6FL18097,Brian,Mast,1,R
2022,FL,21,H2FL18096,Corinna,Robinson,0,D
2022,FL,22,H2FL14053,Lois,Frankel,1,D
2022,FL,22,H2FL21108,Dan,Franzese,0,R
2022,FL,23,H2FL22171,Jared,Moskowitz,0,D
2022,FL,23,H2FL23138,Joe,Budd,0,R
2022,FL,24,H0FL17068,Frederica,Wilson,1,D
2022,FL,24,H2FL24078,Jesus,Navarro,0,R
2022,FL,25,H4FL20023,Debbie,Wasserman Schultz,1,D
2022,FL,25,H0FL23090,Carla,Spalding,0,R
2022,FL,26,H2FL25018,Mario,Diaz-Balart,1,R
2022,FL,26,H2FL24037,Christine,Alexandria Olivo,0,D
2022,FL,27,H8FL27185,Maria,Elvira Salazar,1,R
2022,FL,27,H8FL00034,Annette,Taddeo,0,D
2022,FL,28,H0FL26036,Carlos,Gimenez,1,R
2022,FL,28,H2FL28038,Robert,Asencio,0,D
2022,GA,1,H4GA01039,Earl,Carter,1,R
2022,GA,1,H2GA01249,Wade,Herring,0,D
2022,GA,2,H2GA02031,Sanford,Bishop Jr.,1,D
2022,GA,2,H2GA02155,Chris,West,0,R
2022,GA,3,H6GA03113,Drew,Ferguson,1,R
2022,GA,3,H0GA03074,Val,Almonord,0,D
2022,GA,4,H2GA02163,Hank,Johnson,1,D
2022,GA,4,H2GA04201,Jonathan,Chavez,0,R
2022,GA,5,H0GA05301,Nikema,Williams,1,D
2022,GA,5,H2GA05166,Christian,Zimm,0,R
2022,GA,6,H2GA06222,Bob,Christian,0,D
2022,GA,6,H0GA07273,Rich,McCormick,0,R
2022,GA,7,H8GA06393,Lucy,McBath,1,D
2022,GA,7,H0GA07232,Mark,Gonsalves,0,R
2022,GA,8,H0GA08099,Austin,Scott,1,R
2022,GA,8,H2GA08095,Darrius,Butler,0,D
2022,GA,9,H0GA09246,Andrew,Clyde,1,R
2022,GA,9,H2GA09234,Michael,Ford,0,D
2022,GA,10,H8GA10197,Tabitha,Johnson-Green,0,D
2022,GA,10,H4GA10071,Mike,Collins,0,R
2022,GA,11,H4GA11061,Barry,Loudermilk,1,R
2022,GA,11,H2GA11230,Antonio,Daza,0,D
2022,GA,12,H2GA12121,Rick,Allen,1,R
2022,GA,12,H2GA02163,Liz,Johnson,0,D
2022,GA,13,H0GA08099,David,Scott,1,D
2022,GA,13,H0GA13149,Caesar,Gonzales,0,R
2022,GA,14,H0GA06192,Marjorie,Taylor Greene,1,R
2022,GA,14,H2GA14044,Marcus,Flowers,0,D
2022,HI,1,H2HI02128,Ed,Case,1,D
2022,HI,1,H2HI02557,Conrad,Kress,0,R
2022,HI,2,H2HI02581,Jill,Tokuda,0,D
2022,HI,2,H0HI02213,Joseph,Akana,0,R
2022,ID,1,H8ID01124,Russ,Fulcher,1,R
2022,ID,1,H2ID01192,Kaylee,Peterson,0,D
2022,ID,2,H8ID02064,Michael,Simpson,1,R
2022,ID,2,H2ID02216,Wendy,Norman,0,D
2022,IL,1,H2IL01349,Jonathan,Jackson,0,D
2022,IL,1,H2IL01323,Eric,Carlson,0,R
2022,IL,2,H2IL02172,Robin,Kelly,1,D
2022,IL,2,H2IL02214,Thomas,Lynch,0,R
2022,IL,3,H2IL03162,Delia,Ramirez,0,D
2022,IL,3,H2IL06082,Justin,Burau,0,R
2022,IL,4,H8IL04134,Jesus,Garcia,1,D
2022,IL,4,H2IL04160,James,Falakos,0,R
2022,IL,5,H0IL05096,Mike,Quigley,1,D
2022,IL,5,H2IL05241,Tom,Hanson,0,R
2022,IL,6,H8IL06139,Sean,Casten,1,D
2022,IL,6,H2IL06116,Keith,Pekau,0,R
2022,IL,7,H4IL07037,Danny,Davis,1,D
2022,IL,8,H6IL08147,Raja,Krishnamoorthi,1,D
2022,IL,8,H2IL08187,Chris,Dargis,0,R
2022,IL,9,H8IL09067,Jan,Schakowsky,1,D
2022,IL,9,H8IL09174,Max,Rice,0,R
2022,IL,10,H2IL10068,Brad,Schneider,1,D
2022,IL,10,H0IL10393,Joseph,Severino,0,R
2022,IL,11,H8IL14067,Bill,Foster,1,D
2022,IL,11,H2IL16107,Catalina,Lauf,0,R
2022,IL,12,H4IL12060,Mike,Bost,1,R
2022,IL,12,H2IL12197,Homer,Markel,0,D
2022,IL,13,H2IL13153,Nikki,Budzinski,0,D
2022,IL,13,H2IL13179,Regan,Deering,0,R
2022,IL,14,H8IL14174,Lauren,Underwood,1,D
2022,IL,14,H2IL14102,Scott,Gryder,0,R
2022,IL,15,H2IL11157,Mary,Miller,1,R
2022,IL,15,H2IL15109,Paul,Lange,0,D
2022,IL,16,H6IL18088,Darin,LaHood,1,R
2022,IL,16,H2IL16156,Elizabeth,Haderlein,0,D
2022,IL,17,H2IL17147,Eric,Sorensen,0,D
2022,IL,17,H0IL17083,Ester,Joy King,0,R
2022,IN,1,H0IN01150,Frank,Mrvan,1,D
2022,IN,1,H2IN01172,Jennifer-Ruth,Green,0,R
2022,IN,2,H2IN02279,Paul,Steury,0,D
2022,IN,2,H2IN02295,Rudy,Yakym,0,R
2022,IN,3,H6IN03229,Jim,Banks,1,R
2022,IN,3,H2IN03202,Gary,Snyder,0,D
2022,IN,4,H8IN04199,Jim,Baird,1,R
2022,IN,4,H8IN04231,Roger,Day,0,D
2022,IN,5,H0IN05326,Victoria,Spartz,1,R
2022,IN,5,H8IN06202,Jeannine,Lee Lake,0,D
2022,IN,6,H8IN06129,Greg,Pence,1,R
2022,IN,6,H2IN06304,Cynthia,Wirth,0,D
2022,IN,7,H8IN07184,Andre,Carson,1,D
2022,IN,7,H2IN07179,Angela,Grabovsky,0,R
2022,IN,8,H0IN08114,Larry,Bucshon,1,R
2022,IN,8,H2IN08169,Ray,McCormick,0,D
2022,IN,9,H2IN09191,Matthew,Fyfe,0,D
2022,IN,9,H6IN09143,Erin,Houchin,0,R
2022,IA,1,H8IA02043,Mariannette,Miller-Meeks,1,R
2022,IA,1,H2IA02111,Christina,Bohannan,0,D
2022,IA,2,H0IA01174,Ashley,Hinson,1,R
2022,IA,2,H2IA01089,Liz,Mathis,0,D
2022,IA,3,H8IA03124,Cindy,Axne,1,D
2022,IA,3,H2IA03119,Zach,Nunn,0,R
2022,IA,4,H0IA04145,Randy,Feenstra,1,R
2022,IA,4,H2IA04141,Ryan,Melton,0,D
2022,KS,1,H0KS01123,Tracey,Mann,1,R
2022,KS,1,H2KS01079,James,Beard,0,D
2022,KS,2,H0KS02188,Jacob,LaTurner,1,R
2022,KS,2,H2KS02143,Patrick,Schmidt,0,D
2022,KS,3,H8KS03155,Sharice,Davids,1,D
2022,KS,3,H0KS03236,Amanda,Adkins,0,R
2022,KS,4,H8KS04112,Ron,Estes,1,R
2022,KS,4,H2KS04149,Bob,Hernandez,0,D
2022,KY,1,H6KY01110,James,Comer Jr.,1,R
2022,KY,1,H2KY01085,Jimmy,Ausbrooks,0,D
2022,KY,2,H8KY02031,Brett,Guthrie,1,R
2022,KY,2,H8KY02080,Hank,Linderman,0,D
2022,KY,3,H2KY03206,Morgan,McGarvey,0,D
2022,KY,3,H2KY03214,Stuart,Ray,0,R
2022,KY,4,H2KY04121,Thomas,Massie,1,R
2022,KY,4,H2KY04212,Matthew,Lehman,0,D
2022,KY,5,H0KY05015,Hal,Rogers,1,R
2022,KY,5,H2KY05177,Conor,Halbleib,0,D
2022,KY,6,H0KY06104,Andy,Barr,1,R
2022,KY,6,H4KY06163,Geoff,Young,0,D
2022,LA,1,H0LA01087,Steve,Scalise,1,R
2022,LA,1,H2LA01109,Katie,Darling,0,D
2022,LA,2,H2LA02149,Troy,Carter,1,D
2022,LA,2,H2LA02297,Dan,Lux,0,R
2022,LA,3,H6LA03148,Clay,Higgins,1,R
2022,LA,3,H2LA03105,Tia,Lebrun,0,D
2022,LA,4,H6LA04138,Mike,Johnson,1,R
2022,LA,5,H2LA05126,Julia,Letlow,1,R
2022,LA,5,NA,Oscar,Dantzler,0,D
2022,LA,6,H4LA06153,Garret,Graves,1,R
2022,ME,1,H8ME01120,Chellie,Pingree,1,D
2022,ME,1,H2ME01131,Ed,Thelander,0,R
2022,ME,2,H8ME02185,Jared,Golden,1,D
2022,ME,2,H4ME02234,Bruce,Poliquin,0,R
2022,MD,1,H8MD01094,Andrew,Harris,1,R
2022,MD,1,H2MD01220,Heather,Mizeur,0,D
2022,MD,2,H2MD02160,Dutch,Ruppersberger,1,D
2022,MD,2,H2MD02368,Nicolee,Ambrose,0,R
2022,MD,3,H6MD03292,John,Sarbanes,1,D
2022,MD,3,H2MD02343,Yuripzy,Morgan,0,R
2022,MD,4,H2MD04315,Glenn,Ivey,0,D
2022,MD,4,H2MD04307,Jeffrey,Warner,0,R
2022,MD,5,H2MD05155,Steny,Hoyer,1,D
2022,MD,5,H0MD05225,Chris,Palombi,0,R
2022,MD,6,H6MD08549,David,Trone,1,D
2022,MD,6,H0MD06231,Neil,Parrott,0,R
2022,MD,7,H6MD07020,Kweisi,Mfume,1,D
2022,MD,7,H0MD02255,Scott,Collier,0,R
2022,MD,8,H6MD08457,Jamie,Raskin,1,D
2022,MD,8,H0MD08203,Gregory,Coll,0,R
2022,MA,1,H8MA02041,Richard,Neal,1,D
2022,MA,1,H2MA01228,Dean,James Martilli,0,R
2022,MA,2,H4MA03022,Jim,McGovern,1,D
2022,MA,2,H2MA02085,Jeffrey,Sossa-Paquette,0,R
2022,MA,3,H8MA03106,Lori,Trahan,1,D
2022,MA,3,H2MA03141,Dean,Tran,0,R
2022,MA,4,H0MA04192,Jake,Auchincloss,1,D
2022,MA,5,H4MA05084,Katherine,Clark,1,D
2022,MA,5,H2MA05153,Caroline,Colarusso,0,R
2022,MA,6,H4MA06090,Seth,Moulton,1,D
2022,MA,6,H2MA06086,Robert,May Jr.,0,R
2022,MA,7,H8MA07032,Ayanna,Pressley,1,D
2022,MA,7,H2MA07100,Donnie,Palmer,0,R
2022,MA,8,H2MA09072,Stephen,Lynch,1,D
2022,MA,8,H2MA08090,Robert,Burke,0,R
2022,MA,9,H0MA10082,Bill,Keating,1,D
2022,MA,9,H2MA09239,Jesse,Brown,0,R
2022,MI,1,H6MI01226,Jack,Bergman,1,R
2022,MI,1,H2MI01142,Bob,Lorinser,0,D
2022,MI,2,H4MI04126,John,Moolenaar,1,R
2022,MI,2,H8MI04101,Jerry,Hilliard,0,D
2022,MI,3,H0MI03316,Hillary,Scholten,0,D
2022,MI,3,H2MI03197,John,Gibbs,0,R
2022,MI,4,H0MI02094,Bill,Huizenga,1,R
2022,MI,4,H2MI04260,Joseph,Alfonso,0,D
2022,MI,5,H4MI07103,Tim,Walberg,1,R
2022,MI,5,H2MI05176,Bart,Goldberg,0,D
2022,MI,6,H4MI12079,Debbie,Dingell,1,D
2022,MI,6,H2MI06158,Whittney,Williams,0,R
2022,MI,7,H8MI08102,Elissa,Slotkin,1,D
2022,MI,7,H2MI07123,Tom,Barrett,0,R
2022,MI,8,H2MI05119,Dan,Kildee,1,D
2022,MI,8,H0MI08141,Paul,Junge,0,R
2022,MI,9,H0MI10287,Lisa,McClain,1,R
2022,MI,9,H2MI08154,Brian Steven,Jaye,0,D
2022,MI,10,H2MI10176,Carl,Marlinga,0,D
2022,MI,10,H2MI10150,John,James,0,R
2022,MI,11,H8MI11254,Haley,Stevens,1,D
2022,MI,11,H2MI11265,Mark,Ambrose,0,R
2022,MI,12,H8MI13250,Rashida,Tlaib,1,D
2022,MI,12,H2MI13311,Steven,Elliott,0,R
2022,MI,13,H2MI13204,Shri,Thanedar,0,D
2022,MI,13,H2MI13360,Martell,Bivings,0,R
2022,MN,1,H2MN01223,Brad,Finstad,1,R
2022,MN,1,H2MN01249,Jeff,Ettinger,0,D
2022,MN,2,H6MN02131,Angie,Craig,1,D
2022,MN,2,H0MN02134,Tyler,Kistner,0,R
2022,MN,3,H8MN03143,Dean,Phillips,1,D
2022,MN,3,H2MN03104,Tom,Weiler,0,R
2022,MN,4,H0MN04049,Betty,McCollum,1,D
2022,MN,4,H2MN04177,May,Lor Xiong,0,R
2022,MN,5,H8MN05239,Ilhan,Omar,1,D
2022,MN,5,H2MN05166,Cicely,Davis,0,R
2022,MN,6,H4MN06087,Tom,Emmer,1,R
2022,MN,6,H2MN06214,Jeanne,Hendricks,0,D
2022,MN,7,H0MN07091,Michelle,Fischbach,1,R
2022,MN,7,H2MN07162,Jill,Abahsain,0,D
2022,MN,8,H8MN08043,Pete,Stauber,1,R
2022,MN,8,H2MN08152,Jennifer,Schultz,0,D
2022,MS,1,H6MS01131,Trent,Kelly,1,R
2022,MS,1,H2MS01148,Dianne,Black,0,D
2022,MS,2,H4MS02068,Bennie,Thompson,1,D
2022,MS,2,H0MS02082,Brian,Flowers,0,R
2022,MS,3,H8MS03125,Michael,Guest,1,R
2022,MS,3,H2MS03136,Shuwaski,Young,0,D
2022,MS,4,H2MS04332,Johnny,DuPree,0,D
2022,MS,4,H2MS04258,Mike,Ezell,0,R
2022,MO,1,H8MO01143,Cori,Bush,1,D
2022,MO,1,H2MO01179,Andrew,Jones Jr.,0,R
2022,MO,2,H2MO02102,Ann,Wagner,1,R
2022,MO,2,H2MO02201,Trish,Gunby,0,D
2022,MO,3,H8MO09153,Blaine,Luetkemeyer,1,R
2022,MO,3,H2MO03167,Bethany,Mann,0,D
2022,MO,4,H6M07169,Jack,Truman,0,D
2022,MO,4,H2MO04207,Mark,Alford,0,R
2022,MO,5,H4MO05234,Emanuel,Cleaver,1,D
2022,MO,5,H6MO05189,Jacob,Turk,0,R
2022,MO,6,H0MO06073,Sam,Graves,1,R
2022,MO,6,H8MO06092,Henry,Martin,0,D
2022,MO,7,H2MO07200,Kristen,Radaker-Sheafer,0,D
2022,MO,7,H2MO07143,Eric,Burlison,0,R
2022,MO,8,H4MO08162,Jason,Smith,1,R
2022,MO,8,H2MO08091,Randi,McCallian,0,D
2022,MT,1,H2MT02092,Monica,Tranel,0,D
2022,MT,1,H4MT01041,Ryan,Zinke,0,R
2022,MT,2,H4MT00050,Matt,Rosendale,1,R
2022,MT,2,H2MT02134,Penny,Ronning,0,D
2022,NE,1,H2NE01118,Mike,Flood,1,R
2022,NE,1,H2NE01092,Patty,Pansing Brooks,0,D
2022,NE,2,H6NE02125,Don,Bacon,1,R
2022,NE,2,H2NE02132,Tony,Vargas,0,D
2022,NE,3,H6NE03115,Adrian,Smith,1,R
2022,NE,3,H0NE03217,David,Else,0,D
2022,NV,1,H8NV03036,Dina,Titus,1,D
2022,NV,1,H2NV03153,Mark,Robertson,0,R
2022,NV,2,H2NV02395,Mark,Amodei,1,R
2022,NV,2,H2NV02551,Elizabeth,Mercedes Krause,0,D
2022,NV,3,H6NV04020,Susie,Lee,1,D
2022,NV,3,H2NV03161,April,Becker,0,R
2022,NV,4,H2NV04011,Steven,Horsford,1,D
2022,NV,4,H0NV04023,Sam,Peters,0,R
2022,NH,1,H8NH01210,Chris,Pappas,1,D
2022,NH,1,H2NH01270,Karoline,Leavitt,0,R
2022,NH,2,H0NH02181,Annie,Kuster,1,D
2022,NH,2,H2NH00025,Bob,Burns,0,R
2022,NJ,1,H4NJ01084,Donald,Norcross,1,D
2022,NJ,1,H4NJ01118,Claire,Gustafson,0,R
2022,NJ,2,H8NJ02166,Jeff,Van Drew,1,R
2022,NJ,2,H2NJ02193,Tim,Alexander,0,D
2022,NJ,3,H8NJ03206,Andrew,Kim,1,D
2022,NJ,3,H2NJ03258,Bob,Healey,0,R
2022,NJ,4,H2NJ03282,Chris,Smith,1,R
2022,NJ,4,H2NJ04215,Matthew,Jenkins,0,D
2022,NJ,5,H6NJ05171,Josh,Gottheimer,1,D
2022,NJ,5,H0NJ05174,Frank,Pallotta,0,R
2022,NJ,6,H8NJ03073,Frank,Pallone Jr.,1,D
2022,NJ,6,H2NJ06228,Susan,Kiley,0,R
2022,NJ,7,H8NJ07223,Tom,Malinowski,1,D
2022,NJ,7,H0NJ07261,Thomas,Kean Jr.,0,R
2022,NJ,8,H2NJ08232,Robert,Menendez Jr.,0,D
2022,NJ,8,H2NJ08299,Marcos,Arroyo,0,R
2022,NJ,9,H6NJ08118,Bill,Pascrell,1,D
2022,NJ,9,H0NJ09200,Billy,Prempeh,0,R
2022,NJ,10,H2NJ10154,Donald,Payne Jr.,1,D
2022,NJ,10,H0NJ10133,David,Pinckney,0,R
2022,NJ,11,H8NJ11142,Mike,Sherrill,1,D
2022,NJ,11,H2NJ11186,Paul,DeGroot,0,R
2022,NJ,12,H4NJ12149,Bonnie,Watson Coleman,1,D
2022,NJ,12,H2NJ12127,Darius,Mayfield,0,R
2022,NM,1,H2NM01144,Melanie,Ann Stansbury,1,D
2022,NM,1,H0NM01189,Michelle,Garcia Holmes,0,R
2022,NM,2,H8NM02156,Yvette,Herrell,1,R
2022,NM,2,H2NM02191,Gabriel,Vasquez,0,D
2022,NM,3,H0NM03102,Teresa,Leger Fernandez,1,D
2022,NM,3,H2NM03173,Alexis,Martinez Johnson,0,R
2022,NY,1,H0NY01202,Bridget,Fleming,0,D
2022,NY,1,H2NY01190,Nicholas,LaLota,0,R
2022,NY,2,H0NY02234,Andrew,Garbarino,1,R
2022,NY,2,H0NY02192,Jackie,Gordon,0,D
2022,NY,3,H2NY03188,Robert,Zimmerman,0,D
2022,NY,3,H0NY03083,George,Devolder-Santos,0,R
2022,NY,4,H2NY04244,Laura,Gillen,0,D
2022,NY,4,H2NY04277,Anthony,D'Esposito,0,R
2022,NY,5,H8NY06048,Gregory,Meeks,1,D
2022,NY,5,H2NY05126,Paul,King,0,R
2022,NY,6,H2NY06116,Grace,Meng,1,D
2022,NY,6,H0NY06086,Thomas,Zmich,0,R
2022,NY,7,H2NY00010,Nydia,Velazquez,1,D
2022,NY,7,H2NY07064,Juan,Pagan,0,R
2022,NY,8,H2NY10092,Hakeem,Jeffries,1,D
2022,NY,8,H2NY08187,Yuri,Dashevsky,0,R
2022,NY,9,H4NY11138,Yvette,Clarke,1,D
2022,NY,10,H2NY10308,Daniel,Goldman,0,D
2022,NY,10,H2NY10134,Benine,Hamdan,0,R
2022,NY,11,H0NY11078,Nicole,Malliotakis,1,R
2022,NY,11,H2NY11140,Max,Rose,0,D
2022,NY,12,H2NY17071,Jerrold,Nadler,1,D
2022,NY,12,H2NY12221,Mike,Zumbluskas,0,R
2022,NY,13,H2NY13096,Adriano,Espaillat,1,D
2022,NY,14,H8NY15148,Alexandria,Ocasio-Cortez,1,D
2022,NY,14,H2NY14128,Tina,Forte,0,R
2022,NY,15,H0NY15160,Ritchie,Torres,1,D
2022,NY,15,H6NY16140,Stylo,Sapaskis,0,R
2022,NY,16,H0NY16143,Jamaal,Bowman,1,D
2022,NY,16,H2NY16115,Miriam,Levitt Flisser,0,R
2022,NY,17,H2NY14037,Sean,Maloney,1,D
2022,NY,17,H2NY17162,Michael,Lawler,0,R
2022,NY,18,H8NY19223,Pat,Ryan,1,D
2022,NY,18,H2NY18087,Colin,Schmitt,0,R
2022,NY,19,H8NY22177,Josh,Riley,0,D
2022,NY,19,H2NY19127,Marcus,Molinaro,0,R
2022,NY,20,H8NY21203,Paul,Tonko,1,D
2022,NY,20,H0NY20111,Elizabeth,Joy,0,R
2022,NY,21,H4NY21079,Elise,Stefanik,1,R
2022,NY,21,H2NY21164,Matt,Castelli,0,D
2022,NY,22,H0NY24063,Francis,Conole,0,D
2022,NY,22,H2NY13120,Brandon,Williams,0,R
2022,NY,23,H8NY23175,Max,Della Pia,0,D
2022,NY,23,H2NY23228,Nicholas,Langworthy,0,R
2022,NY,24,H4NY22051,Claudia,Tenney,1,R
2022,NY,24,H2NY24127,Steven,Holden,0,D
2022,NY,25,H8NY25105,Joseph,Morelle,1,D
2022,NY,25,H2NY25082,La'Ron,Singletary,0,R
2022,NY,26,H4NY27076,Brian,Higgins,1,D
2022,NY,26,H2NY26189,Steven,Sams,0,R
2022,NC,1,H2NC02287,Donald,Davis,0,D
2022,NC,1,H2NC02238,Sandy,Smith,0,R
2022,NC,2,H0NC02125,Deborah,Ross,1,D
2022,NC,2,H2NC08235,Christine,Villaverde,0,R
2022,NC,3,H2NC02295,Gregory,Murphy,1,R
2022,NC,3,H2NC03095,Barbara,Gaskins,0,D
2022,NC,4,H2NC06114,Valerie,Foushee,0,D
2022,NC,4,H2NC13185,Courtney,Geels,0,R
2022,NC,5,H4NC05146,Virginia,Foxx,1,R
2022,NC,5,H2NC07203,Kyle,Parrish,0,D
2022,NC,6,H8NC13067,Kathy,Manning,1,D
2022,NC,6,H2NC07161,Christian,Castelli,0,R
2022,NC,7,H2NC07096,David,Rouzer,1,R
2022,NC,7,H2NC09183,Charles,Graham,0,D
2022,NC,8,H0NC09187,Dan,Bishop,1,R
2022,NC,8,H8NC08109,Scott,Huffman,0,D
2022,NC,9,H2NC08185,Richard,Hudson,1,R
2022,NC,9,H2NC04150,Ben,Clark,0,D
2022,NC,10,H4NC10047,Patrick,McHenry,1,R
2022,NC,10,H2NC13235,Pamela,Genant,0,D
2022,NC,11,H2NC11155,Jasmine,Beach-Ferrara,0,D
2022,NC,11,H2NC14050,Chuck,Edwards,0,R
2022,NC,12,H4NC12100,Alma,Adams,1,D
2022,NC,12,H2NC12229,Tyler,Lee,0,R
2022,NC,13,H2NC14019,Wiley,Nickel,0,D
2022,NC,13,H2NC05157,Bo,Hines,0,R
2022,NC,14,H2NC14076,Jeff,Jackson,0,D
2022,NC,14,H2NC13243,Pat,Harrigan,0,R
2022,ND,1,H8ND00096,Kelly,Armstrong,1,R
2022,OH,1,H8OH01043,Steve,Chabot,1,R
2022,OH,1,H2OH01194,Greg,Landsman,0,D
2022,OH,2,H2OH02085,Brad,Wenstrup,1,R
2022,OH,2,H2OH02127,Samantha,Meadows,0,D
2022,OH,3,H2OH03125,Joyce,Beatty,1,D
2022,OH,3,H2OH03190,Lee,Stahley,0,R
2022,OH,4,H6OH04082,Jim,Jordan,1,R
2022,OH,4,H2OH04156,Tamie,Wilson,0,D
2022,OH,5,H8OH05036,Bob,Latta,1,R
2022,OH,5,H2OH05062,Craig,Swartz,0,D
2022,OH,6,H0OH06189,Bill,Johnson,1,R
2022,OH,6,H8OH13154,Lou,Lyras,0,D
2022,OH,7,H2OH16044,Matthew,Diemer,0,D
2022,OH,7,H2OH16051,Max,Miller,0,R
2022,OH,8,H6OH08315,Warren,Davidson,1,R
2022,OH,8,H8OH08097,Vanessa,Enoch,0,D
2022,OH,9,H2OH09031,Marcy,Kaptur,1,D
2022,OH,9,H2OH09155,J.R.,Majewski,0,R
2022,OH,10,H2OH03067,Michael,Turner,1,R
2022,OH,10,H8OH03098,David,Esrati,0,D
2022,OH,11,H2OH11169,Shontel,Brown,1,D
2022,OH,11,H2OH11326,Eric,Brewer,0,R
2022,OH,12,H8OH12180,Troy,Balderson,1,R
2022,OH,12,H2OH12134,Amy,Rippel-Elton,0,D
2022,OH,13,H2OH13264,Emilia,Sykes,0,D
2022,OH,13,H2OH09163,Madison,Gesiotto Gilbert,0,R
2022,OH,14,H2OH14064,David,Joyce,1,R
2022,OH,14,H2OH13223,Matt,Kilboy,0,D
2022,OH,15,H2OH15228,Mike,Carey,1,R
2022,OH,15,H2OH15277,Gary,Josephson,0,D
2022,OK,1,H8OK01157,Kevin,Hern,1,R
2022,OK,1,H2OK01176,Adam,Martin,0,D
2022,OK,2,H2OK02307,Naomi,Andrews,0,D
2022,OK,2,H2OK02315,Josh,Brecheen,0,R
2022,OK,3,H4OK06056,Frank,Lucas,1,R
2022,OK,3,H2OK03149,Jeremiah,Ross,0,D
2022,OK,4,H2OK04055,Tom,Cole,1,R
2022,OK,4,H8OK04094,Mary,Brannon,0,D
2022,OK,5,H0OK05205,Stephanie,Bice,1,R
2022,OK,5,H2OK05169,Joshua,Harris-Till,0,D
2022,OR,1,H2OR01133,Suzanne,Bonamici,1,D
2022,OR,1,H2OR01273,Chris,Mann,0,R
2022,OR,2,H0OR02127,Cliff,Bentz,1,R
2022,OR,2,H2OR02156,Joseph,Yetter,0,D
2022,OR,3,H6OR03064,Earl,Blumenauer,1,D
2022,OR,3,H0OR03174,Joanna,Harbour,0,R
2022,OR,4,H2OR04095,Val,Hoyle,0,D
2022,OR,4,H0OR04107,Alek,Skarlatos,0,R
2022,OR,5,H8OR02161,Jamie,McLeod-Skinner,0,D
2022,OR,5,H2OR05209,Lori,Chavez-DeRemer,0,R
2022,OR,6,H2OR06066,Andrea,Salinas,0,D
2022,OR,6,H2OR06124,Mike,Erickson,0,R
2022,PA,1,H6PA08277,Brian,Fitzpatrick,1,R
2022,PA,1,H2PA01099,Ashley,Ehasz,0,D
2022,PA,2,H4PA13199,Brendan,Boyle,1,D
2022,PA,2,NA,Aaron,Bashir,0,R
2022,PA,3,H6PA02171,Dwight,Evans,1,D
2022,PA,4,H8PA04116,Madeleine,Dean,1,D
2022,PA,4,H2PA04226,Christian,Nascimento,0,R
2022,PA,5,H8PA07200,Mary,Gay Scanlon,1,D
2022,PA,5,H2PA05074,David,Galluch,0,R
2022,PA,6,H8PA06087,Chrissy,Houlahan,1,D
2022,PA,6,H2PA06197,Guy,Ciarrocchi,0,R
2022,PA,7,H8PA15229,Susan,Wild,1,D
2022,PA,7,H0PA07132,Lisa,Scheller,0,R
2022,PA,8,H2PA17079,Matt,Cartwright,1,D
2022,PA,8,H0PA08221,Jim,Bognet,0,R
2022,PA,9,H8PA10147,Dan,Meuser,1,R
2022,PA,9,H2PA09126,Amanda,Waldman,0,D
2022,PA,10,H2PA04135,Scott,Perry,1,R
2022,PA,10,H0PA08197,Shamaine,Daniels,0,D
2022,PA,11,H6PA16320,Lloyd,Smucker,1,R
2022,PA,11,H2PA11114,Bob,Hollister,0,D
2022,PA,12,H2PA18200,Summer,Lee,0,D
2022,PA,12,H2PA12070,Michael,Doyle,0,R
2022,PA,13,H8PA13125,John,Joyce,1,R
2022,PA,14,H8PA18199,Guy,Reschenthaler,1,R
2022,PA,15,H8PA05071,Glenn,Thompson,1,R
2022,PA,15,H2PA15131,Michael,Molesevich,0,D
2022,PA,16,H0PA03271,Mike,Kelly,1,R
2022,PA,16,H2PA16097,Dan,Pastore,0,D
2022,PA,17,H2PA17103,Christopher,Deluzio,0,D
2022,PA,17,H2PA17160,Jeremy,Shaffer,0,R
2022,RI,1,H0RI01073,David,Cicilline,1,D
2022,RI,1,H2RI01202,Allen,Waters,0,R
2022,RI,2,H2RI02184,Seth,Magaziner,0,D
2022,RI,2,H2RI02226,Allan,Fung,0,R
2022,SC,1,H0SC01394,Nancy,Mace,1,R
2022,SC,1,H2SC01127,Annie,Andrews,0,D
2022,SC,2,H2SC02059,Joe,Wilson,1,R
2022,SC,2,H2SC02182,Judd,Larkins,0,D
2022,SC,3,H0SC03077,Jeff,Duncan,1,R
2022,SC,4,H8SC04250,William,Timmons,1,R
2022,SC,5,H8SC05158,Ralph,Norman,1,R
2022,SC,5,H2SC05120,Evangeline,Hundley,0,D
2022,SC,6,H2SC02042,James,Clyburn,1,D
2022,SC,6,H2SC06142,Duke,Buckner,0,R
2022,SC,7,S4SC00240,Daryl,Scott,0,D
2022,SC,7,H2SC07280,Russell,Fry,0,R
2022,SD,1,H8SD01055,Dusty,Johnson,1,R
2022,TN,1,H0TN01118,Diana,Harshbarger,1,R
2022,TN,1,H2TN01106,Cameron,Parsons,0,D
2022,TN,2,H8TN02119,Tim,Burchett,1,R
2022,TN,2,H2TN02120,Mark,Harmon,0,D
2022,TN,3,H0TN03254,Charles,Fleischmann,1,R
2022,TN,3,H2TN03219,Meg,Gorman,0,D
2022,TN,4,H0TN04195,Scott,DesJarlais,1,R
2022,TN,4,H8TN04123,Wayne,Steele,0,D
2022,TN,5,H2TN05438,Heidi,Campbell,0,D
2022,TN,5,H2TN05446,Andy,Ogles,0,R
2022,TN,6,H8TN06094,John,Rose,1,R
2022,TN,6,H2TN05131,Randal,Cooper,0,D
2022,TN,7,H8TN07076,Mark,Green,1,R
2022,TN,7,H2TN05305,Odessa,Kelly,0,D
2022,TN,8,H2TN07103,David,Kustoff,1,R
2022,TN,8,H2TN08184,Lynnette,Williams,0,D
2022,TN,9,H6TN09068,Steve,Cohen,1,D
2022,TN,9,H0TN09061,Charlotte,Bergmann,0,R
2022,TX,1,H2TX01146,Jrmar,Jefferson,0,D
2022,TX,1,H2TX01112,Nathaniel,Moran,0,R
2022,TX,2,H8TX02166,Daniel,Crenshaw,1,R
2022,TX,2,H2TX02383,Robin,Fulford,0,D
2022,TX,3,H2TX03274,Sandeep,Srivastava,0,D
2022,TX,3,H2TX03290,Keith,Self,0,R
2022,TX,4,H0TX04219,Pat,Fallon,1,R
2022,TX,4,H2TX04124,Iro,Omere,0,D
2022,TX,5,H8TX05144,Lance,Gooden,1,R
2022,TX,5,H2TX05246,Tartisha,Hill,0,D
2022,TX,6,H8TX06266,Jake,Ellzey,1,R
2022,TX,7,H8TX07140,Lizzie,Pannill Fletcher,1,D
2022,TX,7,H0TX09176,Johnny,Teague,0,R
2022,TX,8,H0TX08145,Laura,Jones,0,D
2022,TX,8,H2TX08182,Morgan,Luttrell,0,R
2022,TX,9,H4TX09095,Al,Green,1,D
2022,TX,9,H2TX09156,Jimmy,Leon,0,R
2022,TX,10,H4TX10093,Michael,McCaul,1,R
2022,TX,10,H2TX21201,Linda,Nuno,0,D
2022,TX,11,H0TX11230,August,Pfluger,1,R
2022,TX,12,H6TX12060,Kay,Granger,1,R
2022,TX,12,H2TX12085,Trey,Hunt,0,D
2022,TX,13,H0TX13228,Ronny,Jackson,1,R
2022,TX,13,H2TX13117,Kathleen,Brown,0,D
2022,TX,14,H2TX14149,Randy,Weber,1,R
2022,TX,14,H2TX03308,Mikal,Williams,0,D
2022,TX,15,H2TX15203,Michelle,Vallejo,0,D
2022,TX,15,H0TX15124,Monica,De La Cruz,0,R
2022,TX,16,H8TX16109,Veronica,Escobar,1,D
2022,TX,16,H0TX16106,Irene,Armendariz-Jackson,0,R
2022,TX,17,H2TX03126,Peter,Sessions,1,R
2022,TX,17,H2TX17118,Mary Jo,Woods,0,D
2022,TX,18,H4TX18054,Sheila,Jackson Lee,1,D
2022,TX,18,H2TX18207,Carmen,Maria Montiel,0,R
2022,TX,19,H6TX19099,Jodey,Arrington,1,R
2022,TX,20,H2TX35011,Joaquin,Castro,1,D
2022,TX,20,H2TX20096,Kyle,Sinclair,0,R
2022,TX,21,H8TX21307,Chip,Roy,1,R
2022,TX,21,H2TX35128,Claudia,Zapata,0,D
2022,TX,22,H0TX22302,Troy,Nehls,1,R
2022,TX,22,H2TX22183,Jamie,Jordan,0,D
2022,TX,23,H0TX35015,Tony,Gonzales,1,R
2022,TX,23,H2TX23132,John,Lira,0,D
2022,TX,24,H0TX24209,Beth,Van Duyne,1,R
2022,TX,24,H6TX24149,Jan,McDowell,0,D
2022,TX,25,H2TX03308,Roger,Williams,1,R
2022,TX,26,H2TX26093,Michael,Burgess,1,R
2022,TX,27,H8TX27049,Michael,Cloud,1,R
2022,TX,27,H2TX27299,Maclovio,Perez Jr.,0,D
2022,TX,28,H2TX23082,Henry,Cuellar,1,D
2022,TX,28,H2TX28149,Cassy,Garcia,0,R
2022,TX,29,H2TX28149,Sylvia,Garcia,1,D
2022,TX,29,H6TX29080,Robert,Schafanek,0,R
2022,TX,30,H2TX30178,Jasmine,Crockett,0,D
2022,TX,30,H2TX30236,James,Rodgers,0,R
2022,TX,31,H2TX31044,John,Carter,1,R
2022,TX,32,H8TX32098,Colin,Allred,1,D
2022,TX,32,H2TX32166,Antonio,Swad,0,R
2022,TX,33,H2TX33073,Marc,Veasey,1,D
2022,TX,33,H2TX33248,Patrick,Gillespie,0,R
2022,TX,34,H6TX15162,Vicente,Gonzalez Jr.,1,D
2022,TX,34,H2TX34113,Mayra,Flores,1,R
2022,TX,35,H2TX35144,Greg,Casar,0,D
2022,TX,35,H0TX20124,Dan,McQueen,0,R
2022,TX,36,H6TX02079,Brian,Babin,1,R
2022,TX,36,H2TX36142,Jon,Haire,0,D
2022,TX,37,H4TX10028,Lloyd,Doggett,1,D
2022,TX,37,H0TX35064,Jenny,Garcia Sharon,0,R
2022,TX,38,H2TX38056,Duncan,Klussmann,0,D
2022,TX,38,H2TX12085,Wesley,Hunt,0,R
2022,UT,1,H0UT01205,Blake,Moore,1,R
2022,UT,1,H2UT01300,Rick,Jones,0,D
2022,UT,2,H2UT02324,Chris,Stewart,1,R
2022,UT,2,H2UT02464,Nicholas,Mitchell,0,D
2022,UT,3,H8UT03238,John,Curtis,1,R
2022,UT,3,H2UT03306,Glenn,Wright,0,D
2022,UT,4,H0UT04076,Burgess,Owens,1,R
2022,UT,4,H8UT04046,Darlene,McDonald,0,D
2022,VT,1,H2VT01076,Becca,Balint,0,D
2022,VT,1,H2VT01100,Liam,Madden,0,R
2022,VA,1,H8VA01147,Robert,Wittman,1,R
2022,VA,1,H2VA01124,Herb,Jones,0,D
2022,VA,2,H8VA02111,Elaine,Luria,1,D
2022,VA,2,H2VA02064,Jennifer,Kiggans,0,R
2022,VA,3,H6VA01117,Robert,Scott,1,R
2022,VA,3,H2VA03070,Terry,Namkung,0,D
2022,VA,4,H6VA04061,Ashton,Donald McEachin,1,D
2022,VA,4,H0VA04064,Leon,Benjamin Sr.,0,R
2022,VA,5,H0VA05160,Bob,Good,1,R
2022,VA,5,H2VA05091,Joshua,Throneburg,0,D
2022,VA,6,H8VA06104,Benjamin,Lee Cline,1,R
2022,VA,6,H8VA06138,Jennifer,Lewis,0,D
2022,VA,7,H8VA07094,Abigail,Spanberger,1,D
2022,VA,7,H2VA07261,Yesli,Vega,0,R
2022,VA,8,H4VA08224,Donald,Sternoff Beyer Jr.,1,D
2022,VA,8,H2VA08152,Karina,Lipsman,0,R
2022,VA,9,H0VA09055,H. Morgan,Griffith,1,R
2022,VA,9,H2VA09085,Taysha,DeVaughan,0,D
2022,VA,10,H8VA10106,Jennifer,Wexton,1,D
2022,VA,10,H2VA10240,Hung,Cao,0,R
2022,VA,11,H8VA11062,Gerald,Edward Connolly,1,D
2022,VA,11,H2VA11255,James,Myles,0,R
2022,WA,1,H0WA08046,Suzan,DelBene,1,D
2022,WA,1,H2WA01252,Vincent,Cavaleri,0,R
2022,WA,2,H0WA02080,Rick,Larsen,1,D
2022,WA,2,H2WA02177,Dan,Matthews,0,R
2022,WA,3,H2WA03217,Marie,Gluesenkamp Perez,0,D
2022,WA,3,H2WA03100,Joe,Kent,0,R
2022,WA,4,H4WA04104,Dan,Newhouse,1,R
2022,WA,4,H2WA04199,Doug,White,0,D
2022,WA,5,H4WA05077,Cathy,McMorris Rodgers,1,R
2022,WA,5,H2WA05105,Natasha,Hill,0,D
2022,WA,6,H2WA06129,Derek,Kilmer,1,D
2022,WA,6,H0WA06081,Elizabeth,Kreiselmaier,0,R
2022,WA,7,H6WA07458,Pramila,Jayapal,1,D
2022,WA,7,H2WA07127,Cliff,Moon,0,R
2022,WA,8,H8WA08189,Kim,Schrier,1,D
2022,WA,8,H2WA08182,Matt,Larkin,0,R
2022,WA,9,H6WA09025,D. Adam,Smith,1,D
2022,WA,9,H4WA09061,Douglas,Michael Basler,0,R
2022,WA,10,H0WA10034,Marilyn,Strickland,1,D
2022,WA,10,H2WA08166,Keith,Swank,0,R
2022,WV,1,H8WV03097,Carol,Miller,1,R
2022,WV,1,H0WV03144,Lacy,Watson,0,D
2022,WV,2,H4WV02080,Alexander,Mooney,1,R
2022,WV,2,H2WV02191,Barry,Wendell,0,D
2022,WI,1,H8WI01156,Bryan,Steil,1,R
2022,WI,1,H2WI01100,Ann,Roe,0,D
2022,WI,2,H2WI02124,Mark,Pocan,1,D
2022,WI,2,H2WI02181,Erik,Olsen,0,R
2022,WI,3,H2WI03122,Brad,Pfaff,0,D
2022,WI,3,H0WI03175,Derrick,Van Orden,0,R
2022,WI,4,H4WI04183,Gwen,Moore,1,D
2022,WI,4,H8WI04069,Tim,Rogers,0,R
2022,WI,5,H0WI05113,Scott,Fitzgerald,1,R
2022,WI,5,H2WI05275,Mike,Van Someren,0,D
2022,WI,6,H4WI06048,Glenn,Grothman,1,R
2022,WI,7,H0WI07101,Tom,Tiffany,1,R
2022,WI,7,H2WI07123,Richard,Ausman,0,D
2022,WI,8,H6WI08155,Mike,Gallagher,1,R
2022,WY,1,H0WY01036,Lynnette,Greybull,0,D
2022,WY,1,H2WY00166,Harriet,Hageman,0,R
